2026-10-04T06:03:22Z	pre-q1	39BB570C-5786-42B1-8141-B9850F86BF71	rows=226	acct940=16	queue_items=23
2026-10-04T06:21:20Z	post-q1	545715CA-94A7-476C-A61A-26C340670342	rows=446	acct940=22	queue_items=40
2026-10-04T06:35:57Z	post-q2	CE5CBFF4-B711-44DD-BF7B-BE03EA81E8C7	rows=453	acct940=24	queue_items=47
2026-10-04T06:38:00Z	post-q3	4878A4BA-04AA-4058-946E-8C4CEEC90F25	rows=454	acct940=25	queue_items=48
2026-10-04T06:38:11Z	post-q4	B52F4FE8-DBF3-4456-9B04-3F823DCE1538	rows=460	acct940=25	queue_items=54
2026-10-04T06:44:24Z	post-q5	E2F3B0E9-011E-456F-9852-DA1CEA46B157	rows=460	acct940=25	queue_items=54
2026-10-04T06:47:00Z	pre-q6	99AEF59C-4E10-4323-855F-754EFFD10F0D	rows=460	acct940=25	queue_items=55
2026-10-04T06:55:39Z	post-q6	4FFFEA5F-1008-48D8-9907-F8426873C270	rows=675	acct940=31	queue_items=65
2026-10-04T06:56:24Z	post-q7	3F57BBE9-51D6-4A70-8155-E2ED7ACC525F	rows=683	acct940=31	queue_items=71
2026-10-04T07:02:39Z	post-q8	4880AC45-372F-40C6-9121-8BD6E31FCABA	rows=683	acct940=31	queue_items=71
2026-10-04T07:06:06Z	pre-q9	EB2C7229-548A-4C36-986D-5B1467389AB5	rows=0	acct940=0	queue_items=1
2026-10-04T07:16:16Z	post-q9	D7F03EA0-3128-4CE8-96BA-11798B7E06DC	rows=213	acct940=5	queue_items=11
2026-10-04T07:16:28Z	pre-q10	NO_CONTAINER	-	-	-
2026-10-04T07:19:28Z	post-q10	32FE8F8A-F6EB-4354-BE8D-984F36D98C76	rows=7	acct940=1	queue_items=6
2026-10-04T07:28:00Z	post-r1	3494389D-78F5-400F-B647-91D5FBA89BAD	rows=8	acct940=2	queue_items=7
2026-10-04T07:30:27Z	post-r2	EA0FEDF9-A06C-4B9C-8685-CED6A102C841	rows=20	acct940=2	queue_items=13
2026-10-04T07:45:12Z	post-r1	1376971F-987A-494D-ACC9-165B6C9909E7	rows=0	acct940=0	queue_items=1
2026-10-04T07:54:16Z	post-r2	A8ACED75-E9FF-4839-AB8C-16F9D89FF0B8	rows=214	acct940=6	queue_items=11
2026-10-04T07:54:23Z	post-r3	D0C57AF2-F577-4041-ACC9-C73739B76956	rows=226	acct940=6	queue_items=17
2026-10-04T07:56:03Z	pre-r-clone	1427B94A-1F82-4518-9936-667318552749	rows=226	acct940=6	queue_items=17
2026-10-04T07:56:34Z	pre-rg1	1427B94A-1F82-4518-9936-667318552749	rows=226	acct940=6	queue_items=17
2026-10-04T07:56:53Z	post-r1	399E967A-862A-483D-BBC2-A89B6296738B	rows=238	acct940=6	queue_items=23
2026-10-04T08:03:40Z	post-r2	83A404D8-35DD-40B3-A808-9C1EAC754762	rows=238	acct940=6	queue_items=23
2026-10-04T08:04:00Z	post-r3	5040B658-6043-40A9-92DA-C838D596A38D	rows=250	acct940=6	queue_items=29
2026-10-04T08:10:39Z	post-r4	93E7A0C7-BCBC-497A-B5FC-A33A59D9E48F	rows=250	acct940=6	queue_items=29
2026-10-04T08:10:57Z	post-r5	73FB6655-8A25-45C5-AD6A-207288C4BCEE	rows=262	acct940=6	queue_items=35
2026-10-04T08:17:48Z	post-c1	E0C5E281-470D-49D5-8322-2475CBEF6E4F	rows=262	acct940=6	queue_items=35
2026-10-04T08:18:05Z	post-c2	633C9977-1B53-409E-8ED7-FB20202F309C	rows=274	acct940=6	queue_items=41
2026-10-04T08:24:32Z	post-c3	CF0BD9B6-8941-42B2-BE82-8480250B16C4	rows=274	acct940=6	queue_items=41
2026-10-04T08:25:04Z	post-c4	4D341D47-788F-46C4-9F08-2787BA854AE1	rows=286	acct940=6	queue_items=47
2026-10-04T08:35:11Z	post-c5	DCD00F62-85A2-49D7-AB75-E43E999248ED	rows=298	acct940=6	queue_items=53
2026-10-04T09:15:23Z	post-r6	47710F43-2F1D-47DC-BB33-2D68B55E2DA8	rows=536	acct940=6	queue_items=75
2026-10-04T09:22:03Z	post-r7	711A968F-613E-475C-8EED-5C5819EA09DA	rows=536	acct940=6	queue_items=75
2026-10-04T09:32:46Z	post-r8	8E29F3FF-69E2-438B-82C9-49201E4F322A	rows=548	acct940=6	queue_items=81
2026-10-04T09:44:55Z	post-r9	B50972EB-E64D-43AE-9E9F-5CC8767E091B	rows=560	acct940=6	queue_items=87
2026-10-04T10:34:32Z	post-c6	B7CDC8AD-0B79-4415-894B-43F57ADAF428	rows=585	acct940=6	queue_items=96
2026-10-04T10:34:50Z	post-c7	3F55052E-D0DE-43B9-A3AE-92D794674358	rows=597	acct940=6	queue_items=102
2026-10-04T10:41:39Z	post-c8	60E00397-8124-4A30-8EA5-78D74E6594FC	rows=597	acct940=6	queue_items=102
2026-10-04T10:41:52Z	post-c9	F6B36F6B-9DE1-4454-A60D-3B5625230204	rows=609	acct940=6	queue_items=108
